{
  "message": "success", 
  "success": true,
  "data": {
    "357": {
      "name": "仙人指路",
      "desc1": "<p>K线形态成立条件：</p><p>(1)股价已经呈45 度上涨。</p><p>(2)股价自启动位置上涨幅度不超过15%。</p><p>(3)股价走势要强于大盘。</p>",
      "desc2": "<p>K线形态特征：</p><p>(1)第一日出现一个阳线,且实体长度最好超过5%。</p><p>(2)第二日股价平开高走后遇阻而下跌,形成带长上影线的小阳线或小阴线。</p><p>(3)第三日出现的阳线实体要超过前日上影线的最高点。</p><p>(4)仙人指路形态形成过程中,成交量要呈放大态势。</p><p>(5)各条均线能够呈发散排列最好。</p>",
      "imgSrc": "classicalShapePng/xrzl.png"
    },
    "358": {
      "name": "定海神针",
      "desc1": "<p>K线形态成立条件：</p><p>(1)股价经过一轮下跌之后,已经到了比较低的位置。</p><p>(2)大盘开始企稳反弹。",
      "desc2": "<p>K线形态特征：</p><p>(1)经过连续下跌之后,股价以向下跳空形式开盘,随即展开了一波下跌,股价被打压到一定程度后开始反攻。</p><p>(2)股票收盘时,K线实体可以是小阴线、小阳线或十字线。</p><p>(3)定海神针形态多出现了股价反转的点位,因而,定海神针形态出现时常伴有V形反转形态出现。</p>",
      "imgSrc": "classicalShapePng/dhsz.png"
    },
    "359": {
      "name": "双针探底",
      "desc1": "<p>K线形态成立条件：</p><p>(1)股价长期经过一段时间的下跌之后,有明显的筑底迹象。</p><p>(2)成交量维持在较低水平。</p>",
      "desc2": "<p>K线形态特征：</p><p>(1)股价在短期内接连走出了两个底部,构成了双底形态。</p><p>(2)在双底形态中,每个底部都有一根下影线。</p><p>(3)第二个底高于第一个底,说明股价有企稳反弹的迹象。</p><p>(4)股价在形成双底形态时,如果MACD指标出现黄金交叉,则可增大股价上涨的概率。</p><p>(5)这两个底部形态最好能具有某些类似的地方,最少有一根K线相似。</p>",
      "imgSrc": "classicalShapePng/sztd.png"
    },
    "360": {
      "name": "葵花向阳",
      "desc1": "<p>K线形态成立条件：</p><p>(1)股价沿5 日均线或10 日均线上涨,说明股价已经进人上升通道。</p><p>(2)成交量维持在较低水平。</p>",
      "desc2": "<p>K线形态特征：</p><p>(1)某一日股价低开低走,有时会跌破5 日均线或10 日均线,给人一种行情转向的印象。</p><p>(2)次日,该股股价以高于阴线收盘价的价格开盘,并以高于阴线开盘价的价格收盘。</p><p>(3)股价收阴线的当日,成交量呈萎缩状态,而次日股价收阳线时,成交量有所放大。</p><p>(4)股价收阴线当日,如果成交量出现异常放大,则股价有转向的可能,投资者应提高警惕。</p>",
      "imgSrc": "classicalShapePng/khxy.png"
    },
    "361": {
      "name": "回眸一笑",
      "desc1": "<p>K线形态成立条件：</p><p>(1)30 日均线由下跌状态转为上涨状态或放平状态。</p><p>(2)10 日均线开始拐头向上。</p><p>(3)成交量维持在较低水平。</p>",
      "desc2": "<p>K线形态特征：</p><p>(1)某一日股价自下而上穿越30 日均线,随后并未持续上涨而是向10 日均线靠拢。</p><p>(2)股价向10 日均线靠拢过程中,成交量呈萎缩态势。</p><p>(3)股价回调到10 日均线位置因受10 日均线支撑而再度上涨。</p><p>(4)股价遇10 日均线支撑而上涨时,MACD 指标如果能同步突破0 轴,则可增大股价未来上涨的可能性。</p>",
      "imgSrc": "classicalShapePng/hmyx.png"
    },
    "362": {
      "name": "空中加油",
      "desc1": "<p>K线形态成立条件：</p><p>(1)股价处于震荡上涨过程中,且没有上涨到高位。</p><p>(2)股价走势要强于大盘。</p>",
      "desc2": "<p>K线形态特征：</p><p>(1)股价当日高开低走,收出一根带长上影线的阴线。</p><p>(2)收盘时带有缺口更好。</p><p>(3)上影线越长越好。</p><p>(4)空中加油形态出现当日,成交量要比前几日放大数倍,且次日成交量又回归到正常水平。</p><p>(5)各条均线能够呈发散排列最好。</p>",
      "imgSrc": "classicalShapePng/kzjy.png"
    },
    "363": {
      "name": "鱼跃龙门",
      "desc1": "<p>K线形态成立条件：</p><p>(1)30日均线由下跌状态转为上涨状态或放平状态。</p><p>(2)成交量维持在较低水平。</p>",
      "desc2": "<p>K线形态特征：</p><p>(1)某一日股价放量跳空上涨,并且直接越过30日均线。</p><p>(2)股价跳空当日,收盘价位于30日均线之上。</p><p>(3)股价跳空上涨当日,成交量放大数倍。</p><p>(4)股价跳空上涨时,MACD指标如果能走出黄金交叉形态,则可增大股价未来上涨的可能性。</p>",
      "imgSrc": "classicalShapePng/yylm.png"
    },
    "172": {
      "name": "出水芙蓉",
      "desc1": "<p>K线形态成立条件：</p><p>(1)股价长期处于横盘状态中,各条均线出现黏合状态。</p><p>(2)成交量维持在较低水平</p>",
      "desc2": "<p>K线形态特征：</p><p>(1)某一日股价低开高走,并一举突破了多条均线。</p><p>(2)股价突破均线当日常常以涨停报收。</p><p>(3)股价突破之后,各条均线由黏合状变为发散状,且方向向上。</p><p>(4)股价突破各条均线当日,成交量出现了放大态势。</p><p>(5)股价突破各条均线当日,MACD指标出现拐头向上形态。</p>",
      "imgSrc": "classicalShapePng/csfr.png"
    }
  }
}